Query,RPQ_size,Time(s)
0,NaN,87.00980687141418
1,NaN,78.01072597503662
2,NaN,78.01623797416687
3,NaN,74.00353240966797
0,NaN,87.01144886016846
1,NaN,78.0108790397644
2,NaN,78.01464247703552
3,NaN,74.00342416763306
0,NaN,87.00981783866882
1,NaN,78.01129364967346
2,NaN,78.014892578125
3,NaN,74.00332236289978
