Query,RPQ_size,Time(s)
0,NaN,21.002209424972534
1,NaN,22.003132820129395
2,NaN,22.0042941570282
3,NaN,11.001047849655151
0,NaN,21.002051830291748
1,NaN,22.003187894821167
2,NaN,22.004571199417114
3,NaN,11.001086473464966
0,NaN,21.00203275680542
1,NaN,22.003517150878906
2,NaN,22.004328727722168
3,NaN,11.001044034957886
