Query,RPQ_size,Time(s)
0,NaN,302.0233747959137
1,NaN,317.0325725078583
2,NaN,314.0476086139679
3,NaN,316.01160049438477
0,NaN,302.03643584251404
1,NaN,317.0413715839386
2,NaN,314.0499498844147
3,NaN,316.00913429260254
0,NaN,302.03803181648254
1,NaN,317.041166305542
2,NaN,314.04466915130615
3,NaN,316.0138671398163
