Query,RPQ_size,Time(s)
0,NaN,282.02434277534485
1,NaN,274.04446816444397
2,NaN,278.052006483078
3,NaN,260.01690888404846
0,NaN,282.025755405426
1,NaN,274.0560886859894
2,NaN,278.0544738769531
3,NaN,260.00008392333984
0,NaN,282.0253803730011
1,NaN,274.05632281303406
2,NaN,278.0516586303711
3,NaN,260.0128970146179
