Query,RPQ_size,Time(s)
0,72517,63.302438735961914
1,72518,59.90550637245178
2,0,51.191704750061035
3,79654,56.08904218673706
0,72517,66.77214097976685
1,72518,51.61633825302124
2,0,59.43155550956726
3,79654,56.846614599227905
0,72517,49.01080513000488
1,72518,56.980756521224976
2,0,58.00194549560547
3,79654,56.08515810966492
