Query,RPQ_size,Time(s)
0,21381,8.160489797592163
1,16364,16.508182048797607
2,0,8.525344610214233
3,29581,8.082842588424683
0,21381,15.973441362380981
1,16364,8.301075458526611
2,0,16.18857979774475
3,29581,8.112873315811157
0,21381,16.08157205581665
1,16364,8.37595248222351
2,0,16.437506675720215
3,29581,8.057451725006104
