Query,RPQ_size,Time(s)
0,52,231.8465542793274
1,104,241.39513421058655
2,0,236.14037442207336
3,13037,242.9002330303192
0,52,222.15380716323853
1,104,243.39608335494995
2,0,224.5683946609497
3,13037,241.54155135154724
0,52,220.39022612571716
1,104,239.45537734031677
2,0,241.09422898292542
3,13037,226.7474148273468
