Query,RPQ_size,Time(s)
0,111,207.6242437362671
1,38334,210.61637496948242
2,0,213.6138002872467
3,38336,194.0773847103119
0,111,216.8256893157959
1,38334,189.66382718086243
2,0,196.43434858322144
3,38336,199.73823952674866
0,111,194.7138476371765
1,38334,185.235764503479
2,0,202.06503653526306
3,38336,199.77212190628052
